State,Bill_ID,Title,Status,Category,Year,Session,Updated,URL,Last_Checked
Alaska,HCR 12,"Suspending Rules 24(c), 35, 41(b), and 42(e), Uniform Rules of the Alaska State Legislature, concerning Senate Bill No. 64, relating to elections; relating to voters; relating to voting; relating to voter registration; relating to election administration; relating to the Alaska Public Offices Commission; relating to campaign contributions; relating to the crimes of unlawful interference with voting in the first degree, unlawful interference with an election, and election official misconduct; relating to synthetic media in electioneering communications; relating to campaign signs; relating to voter registration on permanent fund dividend applications; relating to the Redistricting Board; and relating to the duties of the commissioner of revenue.",Introduced,Elections; Government Use,2026,34,2026-09-25T22:45:46.644317+00:00,,2026-09-28 17:31:57
California,AB 1609,Customer service chatbots.,Introduced,Chatbots,2026,20252026,2026-09-25T09:08:34.142310+00:00,,2026-09-28 17:31:57
California,AB 2023,Companion chatbots: children's safety.,Introduced,Chatbots; Education/Child Protection; Safety/Liability,2026,20252026,2026-08-31T09:32:39.014061+00:00,,2026-09-28 17:31:57
California,AB 2575,Health care services: artificial intelligence.,Introduced,Healthcare,2026,20252026,2026-09-25T08:58:29.229454+00:00,,2026-09-28 17:31:57
California,SB 1119,Companion chatbots: children's safety.,Introduced,Chatbots; Education/Child Protection; Safety/Liability,2026,20252026,2026-09-23T09:03:31.724135+00:00,,2026-09-28 17:31:57
California,SB 867,Toys: companion chatbots.,Introduced,Chatbots,2026,20252026,2026-09-23T09:09:14.465028+00:00,,2026-09-28 17:31:57
Florida,HB 1395,Artificial Intelligence,Introduced,General AI,2026,2026,2026-07-02T22:34:51.304082+00:00,,2026-09-28 17:31:57
Florida,SB 2D,Artificial Intelligence Bill of Rights,Introduced,General AI,2026,2026D,2026-05-01T00:19:42.965933+00:00,,2026-09-28 17:31:57
Hawaii,HB 2137,RELATING TO ARTIFICIAL INTELLIGENCE.,Introduced,General AI,2026,2026,2026-07-15T06:33:09.190082+00:00,,2026-09-28 17:31:57
Hawaii,HCR 192,REQUESTING THE HAWAIʻI CIVIL RIGHTS COMMISSION TO EXAMINE THE APPLICABILITY OF EXISTING STATE ANTI-DISCRIMINATION LAWS TO ALGORITHMIC AND AUTOMATED DECISION SYSTEMS.,Introduced,Bias/Discrimination,2026,2026,2026-07-15T07:04:15.403676+00:00,,2026-09-28 17:31:57
Hawaii,HR 182,REQUESTING THE HAWAIʻI CIVIL RIGHTS COMMISSION TO EXAMINE THE APPLICABILITY OF EXISTING STATE ANTI-DISCRIMINATION LAWS TO ALGORITHMIC AND AUTOMATED DECISION SYSTEMS.,Introduced,Bias/Discrimination,2026,2026,2026-07-15T06:51:35.262673+00:00,,2026-09-28 17:31:57
Hawaii,SB 1156,RELATING TO DEEPFAKES.,Introduced,Elections,2026,2026,2026-07-15T06:04:38.763897+00:00,,2026-09-28 17:31:57
Hawaii,SCR 184,REQUESTING THE HAWAIʻI CIVIL RIGHTS COMMISSION TO EXAMINE THE APPLICABILITY OF EXISTING STATE ANTI-DISCRIMINATION LAWS TO ALGORITHMIC AND AUTOMATED DECISION SYSTEMS.,Introduced,Bias/Discrimination,2026,2026,2026-07-15T06:42:17.473006+00:00,,2026-09-28 17:31:57
Hawaii,SR 165,REQUESTING THE HAWAIʻI CIVIL RIGHTS COMMISSION TO EXAMINE THE APPLICABILITY OF EXISTING STATE ANTI-DISCRIMINATION LAWS TO ALGORITHMIC AND AUTOMATED DECISION SYSTEMS.,Introduced,Bias/Discrimination,2026,2026,2026-07-15T06:31:21.898333+00:00,,2026-09-28 17:31:57
Illinois,HB 4804,REGISTERED NURSE USE OF AI,Introduced,General AI,2026,104th,2026-07-11T09:22:42.604213+00:00,,2026-09-28 17:31:57
Illinois,HB 4980,HUMAN CONTROL OF AI ACT,Introduced,General AI,2026,104th,2026-07-11T08:54:33.433342+00:00,,2026-09-28 17:31:57
Illinois,SB 3261,ARTIFICIAL INTELLIGENCE SAFETY,Introduced,Safety/Liability,2026,104th,2026-08-15T03:42:27.176010+00:00,,2026-09-28 17:31:57
Iowa,HSB 611,"A bill for an act establishing requirements and guidelines for chatbots, making appropriations, and providing civil penalties.",Introduced,Chatbots,2026,2025-2026,2026-08-28T16:52:55.920170+00:00,,2026-09-28 17:31:57
Kentucky,HB 641,AN ACT relating to mental health chatbots.,Introduced,Healthcare; Chatbots,2026,2026RS,2026-08-20T01:14:30.635281+00:00,,2026-09-28 17:31:57
Louisiana,HB 119,CRIME: Provides relative to unlawful conduct involving images of another person created by artificial intelligence (EN SEE FISC NOTE GF EX),Introduced,General AI,2026,2026,2026-09-15T10:52:12.272957+00:00,,2026-09-28 17:31:57
Louisiana,HB 734,COMMERCE: Creates a consumer bill of rights regarding artificial intelligence,Introduced,General AI,2026,2026,2026-07-07T08:30:53.669900+00:00,,2026-09-28 17:31:57
Louisiana,SB 346,SCHOOLS: Prohibits the use of deepfake material against students enrolled in K-12. (8/1/26),Introduced,Elections; Education/Child Protection,2026,2026,2026-07-23T03:55:03.999931+00:00,,2026-09-28 17:31:57
Louisiana,SB 347,"COLLEGES/UNIVERSITIES: Provides for the crime of ""unlawful deepfake"" to be added to the definition of power-based violence under the Campus Accountability and Safety Act. (gov sig)",Introduced,Elections; Safety/Liability,2026,2026,2026-07-21T01:17:13.147659+00:00,,2026-09-28 17:31:57
Michigan,HB 6392,Torts: liability; liability for artificial intelligence misidentification; establish. Amends 1961 PA 236 (MCL 600.101 - 600.9947) by adding sec. 2980.,Introduced,Safety/Liability,2026,2025-2026,2026-09-25T09:04:06.226059+00:00,,2026-09-28 17:31:57
Michigan,HB 6417,Labor: other; community and worker economic transition activities; provide to workers who have employment tied to an industry affected by the adoption or implementation of artificial intelligence. Amends sec. 5 of 2023 PA 232 (MCL 408.915).,Introduced,Employment,2026,2025-2026,2026-09-25T09:05:28.661676+00:00,,2026-09-28 17:31:57
Minnesota,HF 3893,"Use of artificial intelligence in psychotherapy services regulated, and civil penalties provided.",Introduced,General AI,2026,2025-2026,2026-09-21T17:32:53.395776+00:00,,2026-09-28 17:31:57
Minnesota,HF 4452,"Artificial intelligence chatbot technology requirements provided, and cause of action for harm created.",Introduced,Chatbots; Safety/Liability,2026,2025-2026,2026-09-21T17:36:10.679110+00:00,,2026-09-28 17:31:57
Minnesota,HF 4536,"Use of generative artificial intelligence in official records prohibited, and civil remedies and enforcement provided.",Introduced,General AI,2026,2025-2026,2026-09-21T17:17:00.723907+00:00,,2026-09-28 17:31:57
Minnesota,HF 5051,Disclosures when selling or distributing programs with artificial intelligence required.,Introduced,Transparency,2026,2025-2026,2026-09-21T17:20:54.361383+00:00,,2026-09-28 17:31:57
Minnesota,SF 3984,Prior authorization  usage of algorithms or artificial intelligence prohibition provision,Introduced,General AI,2026,2025-2026,2026-09-25T05:50:31.046248+00:00,,2026-09-28 17:31:57
Minnesota,SF 4380,Certain online platforms requirement to provide information pertaining to algorithm use,Introduced,General AI,2026,2025-2026,2026-09-25T05:46:39.604577+00:00,,2026-09-28 17:31:57
Minnesota,SF 4509,Artificial intelligence safety and disclosure requirements establishment (RAISE Act),Introduced,Transparency; Safety/Liability,2026,2025-2026,2026-09-25T05:43:37.354155+00:00,,2026-09-28 17:31:57
Minnesota,SF 4575,Generative artificial intelligence in official records usage prohibition provision,Introduced,General AI,2026,2025-2026,2026-09-25T05:58:35.876663+00:00,,2026-09-28 17:31:57
Minnesota,SF 4689,Use of automated decision systems in employment settings regulation,Introduced,Employment,2026,2025-2026,2026-09-25T05:47:11.534317+00:00,,2026-09-28 17:31:57
Minnesota,SF 4997,Artificial intelligence chatbot technology requirements provision,Introduced,Chatbots,2026,2025-2026,2026-09-25T06:26:14.341510+00:00,,2026-09-28 17:31:57
New Jersey,A 4732,Requires artificial intelligence companion operators to provide notifications that users are not communicating with human.,Introduced,General AI,2026,222,2026-09-26T01:07:25.128764+00:00,,2026-09-28 17:31:57
New Jersey,A 4981,Regulates use of artificial intelligence-based systems for electronic monitoring regarding employment and public services.,Introduced,Employment; Government Use,2026,222,2026-09-26T00:55:26.656753+00:00,,2026-09-28 17:31:57
New Jersey,A 5550,Establishes Office of Algorithmic Civil Rights in DLPS to prevent discrimination in use of algorithms.,Introduced,Bias/Discrimination,2026,222,2026-09-26T00:52:03.566537+00:00,,2026-09-28 17:31:57
New York,S 10701,"Enacts the technical evaluation, risk monitoring, incident notification, AI testing, oversight, and response act or the TERMINATOR Act",Introduced,Safety/Liability,2026,2025-2026,2026-09-19T16:51:06.140317+00:00,,2026-09-28 17:31:57
Pennsylvania,HB 2314,An Act providing for a public education campaign focused on educating the public about artificial intelligence and improving AI consumer literacy.,Introduced,Elections; Government Use; Education/Child Protection,2026,2025-2026,2026-09-22T01:46:50.206635+00:00,,2026-09-28 17:31:57
Pennsylvania,HB 2786,"An Act amending the act of March 10, 1949 (P.L.30, No.14), known as the Public School Code of 1949, in student supports, providing for artificial intelligence policy.",Introduced,Government Use; Education/Child Protection,2026,2025-2026,2026-09-26T02:07:10.031754+00:00,,2026-09-28 17:31:57
Puerto Rico,PS 1297,"Para crear la “Ley para Regular los Chatbots de Salud Mental e Inteligencia Artificial
Terapéutica en Puerto Rico”, a los fines de establecer normas sobre divulgación, uso,
supervisión, manejo de crisis, protección de datos y prohibiciones aplicables a
sistemas automatizados relacionados con servicios de salud mental; disponer
fiscalización, sanciones administrativas, reglamentación; y para otros fines
relacionados.",Introduced,Chatbots,2026,2025-2028,2026-09-17T00:44:20.706075+00:00,,2026-09-28 17:31:57
Tennessee,HB 1513,"Election Laws - As enacted, requires political advertisements to include a disclaimer if the advertisements include deepfake elements impersonating or depicting a candidate engaging in activity or speech in which the impersonated or depicted candidate did not in fact engage; makes a violation of such disclaimer requirement a Class C misdemeanor; entitles candidate to damages and equitable relief for violations. - Amends TCA Title 2, Chapter 19.",Introduced,Elections,2026,114,2026-07-16T04:24:40.340877+00:00,,2026-09-28 17:31:57
Vermont,H 814,An act relating to neurological rights and the use of artificial intelligence technology in health and human services,Introduced,Healthcare,2026,2025-2026,2026-09-26T12:40:02.792722+00:00,,2026-09-28 17:31:57
Vermont,H 816,An act relating to regulating the use of artificial intelligence in the provision of mental health services,Introduced,Healthcare,2026,2025-2026,2026-09-26T12:34:09.099202+00:00,,2026-09-28 17:31:57
Virginia,SB 796,"Artificial Intelligence Companion Chatbots and Minors Act; established, enforcement, civil penalty.",Introduced,Chatbots; Education/Child Protection,2026,2027,2026-09-12T04:07:47.938893+00:00,,2026-09-28 17:31:57
Washington,HB 2225,Concerning regulation of artificial intelligence companion chatbots.,Introduced,Chatbots,2026,2025-2026,2026-07-09T12:37:43.497724+00:00,,2026-09-28 17:31:57
Washington,SB 5984,Concerning regulation of artificial intelligence companion chatbots.,Introduced,Chatbots,2026,2025-2026,2026-07-09T12:09:58.835470+00:00,,2026-09-28 17:31:57
California,AB 1405,Artificial intelligence: auditors: registration.,Introduced,Transparency,2025,20252026,2026-09-25T08:55:12.416896+00:00,,2026-09-28 17:31:57
California,SB 300,Companion chatbots.,Introduced,Chatbots,2025,20252026,2026-08-31T09:26:14.329785+00:00,,2026-09-28 17:31:57
Florida,SB 482,Artificial Intelligence Bill of Rights,Introduced,General AI,2025,2026,2026-07-02T22:32:34.419389+00:00,,2026-09-28 17:31:57
Illinois,HB 3529,AI PRINCIPLES,Introduced,General AI,2025,104th,2026-07-11T08:49:55.713464+00:00,,2026-09-28 17:31:57
Massachusetts,S 243,An Act requiring consumer notification for chatbot systems,Introduced,Chatbots,2025,194th,2026-07-09T07:23:08.853331+00:00,,2026-09-28 17:31:57
Minnesota,HF 1991,"Persons prohibited from allowing minors to access chatbots for recreational purposes, and civil penalties provided.",Introduced,Chatbots; Education/Child Protection,2025,2025-2026,2026-09-21T17:54:08.521190+00:00,,2026-09-28 17:31:57
Minnesota,HF 2500,Algorithm and AI use prohibited during health insurance prior authorization request review.,Introduced,Healthcare; Financial Services,2025,2025-2026,2026-09-21T17:50:54.949135+00:00,,2026-09-28 17:31:57
Minnesota,SF 1528,Certain social media algorithms targeting children prohibition provision,Introduced,Education/Child Protection,2025,2025-2026,2026-09-25T05:53:37.925219+00:00,,2026-09-28 17:31:57
Minnesota,SF 1577,"Artificial intelligence generated child sexual abuse material and possession, sale, creation, dissemination, and purchase of child-like sex dolls prohibition provisions",Introduced,Education/Child Protection,2025,2025-2026,2026-09-25T06:18:23.401686+00:00,,2026-09-28 17:31:57
Minnesota,SF 1856,Usage of artificial intelligence in the utilization review process prohibition provision,Introduced,General AI,2025,2025-2026,2026-09-25T06:18:28.314351+00:00,,2026-09-28 17:31:57
Minnesota,SF 1857,"Minor access to chatbots for conversational purposes by persons prohibition, penalties provided",Introduced,Chatbots; Education/Child Protection,2025,2025-2026,2026-09-25T06:21:47.589202+00:00,,2026-09-28 17:31:57
Missouri,SB 1183,Creates provisions relating to synthetic media,Introduced,General AI,2025,2026,2026-08-25T18:56:09.908330+00:00,,2026-09-28 17:31:57
Missouri,SB 1455,Creates provisions relating to artificial intelligence chatbots,Introduced,Chatbots,2025,2026,2026-08-25T19:12:27.192143+00:00,,2026-09-28 17:31:57
Montana,SB 212,Creating the Right to Compute Act and requiring shutdowns of AI controlled critical infrastructure,Introduced,General AI,2025,2025,2026-08-10T12:23:06.500214+00:00,,2026-09-28 17:31:57
Montana,SB 413,Criminalize disclosure of certain explicit AI-generated media,Introduced,Transparency; Criminal Justice,2025,2025,2026-08-10T12:03:38.310981+00:00,,2026-09-28 17:31:57
New Hampshire,HB 1406,"relative to health carrier recordkeeping requirements in utilization review, including specifications regarding the use of artificial intelligence.",Introduced,Healthcare,2025,2026,2026-09-26T11:16:31.175830+00:00,,2026-09-28 17:31:57
New Hampshire,HB 1506,creating an exception to the restricted uses of artificial intelligence by state agencies.,Introduced,General AI,2025,2026,2026-09-26T11:19:27.898122+00:00,,2026-09-28 17:31:57
New Hampshire,HB 1612,"relative to the use of price-fixing websites, algorithms, or other software by landlords.",Introduced,General AI,2025,2026,2026-09-26T11:15:15.536740+00:00,,2026-09-28 17:31:57
New Hampshire,HB 1725,relative to the regulation of artificial intelligence technologies.,Introduced,General AI,2025,2026,2026-09-26T11:17:09.661007+00:00,,2026-09-28 17:31:57
New York,A 768,"Enacts the ""New York artificial intelligence consumer protection act""",Introduced,General AI,2025,2025-2026,2026-09-18T09:21:03.460740+00:00,,2026-09-28 17:31:57
Montana,SB 25,Revise election laws regarding disclosure requirements for the use of AI in elections,Introduced,Elections; Transparency,2024,2025,2026-08-10T11:49:49.678990+00:00,,2026-09-28 17:31:57
