State,Total_Bills,Enacted,Active_Pending,Primary_Categories,Years_Active,Framework_Status
New Jersey,14,0,0,Bias/Discrimination; Education/Child Protection; Safety/Liability; Employment; Government Use,2026,Some Activity
California,13,0,0,Chatbots; Chatbots; Education/Child Protection; Safety/Liability; Employment,2025; 2026,Some Activity
Minnesota,7,0,0,Chatbots; Chatbots; Education/Child Protection; Chatbots; Safety/Liability,2025; 2026,Some Activity
Hawaii,6,0,0,Bias/Discrimination; Elections,2026,Some Activity
Louisiana,4,0,0,Elections; Education/Child Protection; Elections; Safety/Liability,2026,Some Activity
Pennsylvania,4,0,0,Government Use; Education/Child Protection; Healthcare; Government Use; Financial Services; Safety/Liability; Transparency,2025; 2026,Some Activity
Virginia,4,0,0,Chatbots; Chatbots; Education/Child Protection; Criminal Justice,2026,Some Activity
Florida,3,0,0,,2025; 2026,Some Activity
Iowa,3,0,0,Chatbots; Chatbots; Education/Child Protection,2026,Some Activity
Montana,3,0,0,Elections; Transparency; Transparency; Criminal Justice,2024; 2025,Some Activity
Illinois,2,0,0,,2026,Minimal
New York,2,0,0,,2025,Minimal
Puerto Rico,2,0,0,Chatbots,2025; 2026,Minimal
Washington,2,0,0,Chatbots,2026,Minimal
Alaska,1,0,0,Elections; Government Use,2026,Minimal
Massachusetts,1,0,0,Chatbots,2025,Minimal
Michigan,1,0,0,Chatbots; Education/Child Protection,2025,Minimal
Missouri,1,0,0,,2025,Minimal
New Hampshire,1,0,0,,2025,Minimal
Tennessee,1,0,0,Elections,2026,Minimal
